Assay,Chromosome,SNP Coordinate,Amplicon Start,Amplicon Stop,Amplicon Length,P5 Primer,P7' Primer,P5 Primer Direction,Amplicon Sequence without Tag
rs10413687,chr19.fa,49893537,49893503,49893568,66,TCTTTCCCTACACGACGCTCTTCCGATCTGATGCAGGAGGGCGTCCCA,GTGACTGGAGTTCAGACGTGTGCTCTTCCGATCTTCCAGCCACTCTGAGCTGC,F,GATGCAGGAGGGCGTCCCAGGCAGAGACCTGGGC[A/G]TGGGAGCGGTCCGCAGCTCAGAGTGGCTGGA
rs10949838,chr7.fa,73810096,73810066,73810123,58,TCTTTCCCTACACGACGCTCTTCCGATCTTCTGCTGTTTGATGGATGTG,GTGACTGGAGTTCAGACGTGTGCTCTTCCGATCTTGGGAGATCAGCTAGGAATG,R,TGGGAGATCAGCTAGGAATGCTTTGGTGAC[A/G]GTGATGTCACATCCATCAAACAGCAGA
rs1115649,chr21.fa,15491773,15491741,15491802,62,TCTTTCCCTACACGACGCTCTTCCGATCTAAGGGCAGCATGAGCTTGGG,GTGACTGGAGTTCAGACGTGTGCTCTTCCGATCTGTCTGGCTGAGGAATGCTAC,F,AAGGGCAGCATGAGCTTGGGTGGGAGCAAAAG[G/A]AGACTGTCTGTAGCATTCCTCAGCCAGAC
rs11207002,chr1.fa,57735080,57735051,57735110,60,TCTTTCCCTACACGACGCTCTTCCGATCTGCTGGGATCCCATCTCAAAG,GTGACTGGAGTTCAGACGTGTGCTCTTCCGATCTTGAATGTCTTGCTTGAGACC,F,GCTGGGATCCCATCTCAAAGATGCCACTG[G/A]TTTACCCTGTGGTCTCAAGCAAGACATTCA
rs11632601,chr15.fa,92773124,92773098,92773151,54,TCTTTCCCTACACGACGCTCTTCCGATCTCAGCTTCCACCCTCTCCAC,GTGACTGGAGTTCAGACGTGTGCTCTTCCGATCTTTCCCTTGTTTGGAACCCTG,F,CAGCTTCCACCCTCTCCACCACACTG[C/T]CTCTGTGCAGGGTTCCAAACAAGGGAA
rs11971741,chr7.fa,4530940,4530908,4530969,62,TCTTTCCCTACACGACGCTCTTCCGATCTGGTGACAATCTAGAGAGGTG,GTGACTGGAGTTCAGACGTGTGCTCTTCCGATCTTGGCCTTAAACATGCATGCT,R,TGGCCTTAAACATGCATGCTCATGACCTCATG[G/A]TGAATCTTCCACCTCTCTAGATTGTCACC
rs12660563,chr6.fa,169476032,169476006,169476063,58,TCTTTCCCTACACGACGCTCTTCCGATCTAGGTCAGCTCAGGGTGAAGT,GTGACTGGAGTTCAGACGTGTGCTCTTCCGATCTGCTCCATTGAAGGGTAAAGG,F,AGGTCAGCTCAGGGTGAAGTGGGTCC[A/C]TCTGCAAGAGACCTTTACCCTTCAATGGAGC
rs13155942,chr5.fa,107192210,107192182,107192238,57,TCTTTCCCTACACGACGCTCTTCCGATCTGAGGGTACCTTTCTTTCTCC,GTGACTGGAGTTCAGACGTGTGCTCTTCCGATCTGCTCAGTGTCTGACAAAAGC,F,GAGGGTACCTTTCTTTCTCCAGGGATGA[T/A]TTGTGTTTGCTTTTGTCAGACACTGAGC
rs1444647,chr12.fa,20476111,20476082,20476141,60,TCTTTCCCTACACGACGCTCTTCCGATCTGTCTACTTCAAATCATGCCTC,GTGACTGGAGTTCAGACGTGTGCTCTTCCGATCTCTACATGCATATCTGGAGAC,F,GTCTACTTCAAATCATGCCTCTATTGACA[T/A]TTTTGTGTGTGTCTCCAGATATGCATGTAG
rs1572801,chr6.fa,164748640,164748611,164748666,56,TCTTTCCCTACACGACGCTCTTCCGATCTAGGAATGGGGCTGCCATCT,GTGACTGGAGTTCAGACGTGTGCTCTTCCGATCTCAGAGATGCAAGCAGCCAAG,R,CAGAGATGCAAGCAGCCAAGGTATGAAAG[A/G]GAGAGGAAGATGGCAGCCCCATTCCT
rs17773922,chr19.fa,29830629,29830601,29830663,63,TCTTTCCCTACACGACGCTCTTCCGATCTAGCCATGTTTCAGGGTTCAG,GTGACTGGAGTTCAGACGTGTGCTCTTCCGATCTCAGTGCCTGACAGGGAAAGT,R,CAGTGCCTGACAGGGAAAGTCTAACCCA[T/C]GCTGTCCTTGAGAACTGAACCCTGAAACATGGCT
rs1797700,chr12.fa,67995728,67995703,67995757,55,TCTTTCCCTACACGACGCTCTTCCGATCTACCACGCCTGGCCAGAACT,GTGACTGGAGTTCAGACGTGTGCTCTTCCGATCTGAGACAGGCAAAGATGCAAC,F,ACCACGCCTGGCCAGAACTAATCAA[C/T]TATGTTTTTGTTGCATCTTTGCCTGTCTC
rs1921681,chr4.fa,89904124,89904090,89904150,61,TCTTTCCCTACACGACGCTCTTCCGATCTAATGTCCCTGGCACAGCTCA,GTGACTGGAGTTCAGACGTGTGCTCTTCCGATCTGGGTTTAGTCTCCTTACCCC,F,AATGTCCCTGGCACAGCTCACCTCCAGTGATTGA[T/C]GGAAATGGGGTAAGGAGACTAAACCC
rs1958312,chr14.fa,24253820,24253787,24253846,60,TCTTTCCCTACACGACGCTCTTCCGATCTCTCAGATGATGTCCCTTCTT,GTGACTGGAGTTCAGACGTGTGCTCTTCCGATCTGCTTCAGTTGTCACTGTGAG,R,GCTTCAGTTGTCACTGTGAGTTGAAAGAAGGCA[C/T]AATCTCAAGAAGGGACATCATCTGAG
rs196008,chr16.fa,23976991,23976957,23977024,68,TCTTTCCCTACACGACGCTCTTCCGATCTACACAGATGACTTCAGCTGG,GTGACTGGAGTTCAGACGTGTGCTCTTCCGATCTGTGCCTCATCAAAATGCAAC,R,GTGCCTCATCAAAATGCAACATCGCTGTGAAAGT[G/A]TAGACTTGGAGCTCCAGCTGAAGTCATCTGTGT
rs2001778,chr11.fa,5619008,5618977,5619036,60,TCTTTCCCTACACGACGCTCTTCCGATCTCGATGCAAGCTTCCATTCTA,GTGACTGGAGTTCAGACGTGTGCTCTTCCGATCTGGACAGAGAATGGCCTGCTA,F,CGATGCAAGCTTCCATTCTAAAAGATGCTTC[G/A]TATCTAAATAGCAGGCCATTCTCTGTCC
rs2323659,chr17.fa,15296936,15296902,15296966,65,TCTTTCCCTACACGACGCTCTTCCGATCTTTAAAACAGCCCTGCAACC,GTGACTGGAGTTCAGACGTGTGCTCTTCCGATCTTGATGAGAACAGAGCTGAG,F,TTAAAACAGCCCTGCAACCGGTTTCACTGCCTTC[G/A]TTGCTATCCGACTCAGCTCTGTTCTCATCA
rs2427099,chr20.fa,60016967,60016937,60017001,65,TCTTTCCCTACACGACGCTCTTCCGATCTAGGTGGCACGGCACGTTCAT,GTGACTGGAGTTCAGACGTGTGCTCTTCCGATCTCTGAAGCTATGTCCTGTTAG,F,AGGTGGCACGGCACGTTCATCCAGGTTCTC[T/C]CCAACCCTTCTTTACTAACAGGACATAGCTTCAG
rs243992,chr4.fa,111267338,111267312,111267369,58,TCTTTCCCTACACGACGCTCTTCCGATCTAACTCAAACCTAAGTGCCCC,GTGACTGGAGTTCAGACGTGTGCTCTTCCGATCTGGAATGGAATAGTGTGTGGG,F,AACTCAAACCTAAGTGCCCCGGTGCT[G/C]TTTATATTCCACCCACACACTATTCCATTCC
rs251344,chr5.fa,96258927,96258893,96258955,63,TCTTTCCCTACACGACGCTCTTCCGATCTCACACCTGTAATTCTAGCCC,GTGACTGGAGTTCAGACGTGTGCTCTTCCGATCTACACTGGTCTCAAGCTCCC,R,ACACTGGTCTCAAGCTCCCGTCCTGCCGCCTTGG[G/C]CTCACAAAGGGCTAGAATTACAGGTGTG
rs254264,chr19.fa,54610976,54610946,54611004,59,TCTTTCCCTACACGACGCTCTTCCGATCTAGCTTTCCTCCCCACACTG,GTGACTGGAGTTCAGACGTGTGCTCTTCCGATCTAGAAGGAAGGATCAGAGAAG,F,AGCTTTCCTCCCCACACTGGGCCTTCCCTT[C/G]CACTCCGTCTTCTCTGATCCTTCCTTCT
rs2827530,chr21.fa,23821734,23821702,23821765,64,TCTTTCCCTACACGACGCTCTTCCGATCTCTGAAGTGCAGGAAGCTTGG,GTGACTGGAGTTCAGACGTGTGCTCTTCCGATCTACCCTAGAACTTGACACTGC,F,CTGAAGTGCAGGAAGCTTGGATGTCAGTGAAG[G/A]TGTCATTATTGGCAGTGTCAAGTTCTAGGGT
rs290387,chr20.fa,52660120,52660094,52660153,60,TCTTTCCCTACACGACGCTCTTCCGATCTGAATGAAATGGAGTTTGCAG,GTGACTGGAGTTCAGACGTGTGCTCTTCCGATCTGCTGTGTGGAGCCCTATAAA,R,GCTGTGTGGAGCCCTATAAACAAGGA[C/G]GCTTTCCAGTTCCCTGCAAACTCCATTTCATTC
rs321949,chr19.fa,52858898,52858872,52858924,53,TCTTTCCCTACACGACGCTCTTCCGATCTCCTCAGCCACCACTTGTTAG,GTGACTGGAGTTCAGACGTGTGCTCTTCCGATCTGTGTTGGTCAGACAGAAAGG,F,CCTCAGCCACCACTTGTTAGTAGTAG[A/G]TTGTCACCTTTCTGTCTGACCAACAC
rs348971,chr2.fa,222918191,222918160,222918224,65,TCTTTCCCTACACGACGCTCTTCCGATCTGCCAATTACCCCATAATTAG,GTGACTGGAGTTCAGACGTGTGCTCTTCCGATCTATGCACACTTACACACGCAC,F,GCCAATTACCCCATAATTAGAACAGCTGATG[G/A]CATACTGAAGGGGGTGCGTGTGTAAGTGTGCAT
rs390316,chr14.fa,78596887,78596856,78596913,58,TCTTTCCCTACACGACGCTCTTCCGATCTAAGGAAGTAAAGGTATGTGC,GTGACTGGAGTTCAGACGTGTGCTCTTCCGATCTAGGCTAACTCTAACATCCTG,R,AGGCTAACTCTAACATCCTGTATCCCTAGTA[A/C]CTGCCAGCACATACCTTTACTTCCTT
rs3944117,chr7.fa,96944222,96944194,96944248,55,TCTTTCCCTACACGACGCTCTTCCGATCTACATAGGCACAATGAGATGG,GTGACTGGAGTTCAGACGTGTGCTCTTCCGATCTAAGGAGCTGGCAAGGCCCTA,R,AAGGAGCTGGCAAGGCCCTAGAAAGGGT[C/T]CCTGCTCCATCTCATTGTGCCTATGT
rs425002,chr4.fa,11445589,11445562,11445620,59,TCTTTCCCTACACGACGCTCTTCCGATCTAAGAGTGTCTCCTCCCTCTG,GTGACTGGAGTTCAGACGTGTGCTCTTCCGATCTAACTGGAGGCTGTGTTAGAC,F,AAGAGTGTCTCCTCCCTCTGTCTAGAC[A/C]AATTATACTGAGTCTAACACAGCCTCCAGTT
rs432586,chr12.fa,65337076,65337046,65337102,57,TCTTTCCCTACACGACGCTCTTCCGATCTCGCTCTTTTCTGACTAGTCC,GTGACTGGAGTTCAGACGTGTGCTCTTCCGATCTTTGCAGCAGTCACAGGAAAC,F,CGCTCTTTTCTGACTAGTCCCTGATGGTTC[T/C]GAATTGGTTTCCTGTGACTGCTGCAA
rs444016,chr5.fa,108968447,108968418,108968474,57,TCTTTCCCTACACGACGCTCTTCCGATCTCTCTCTGTGCACAAAAAACC,GTGACTGGAGTTCAGACGTGTGCTCTTCCGATCTGGAAGACACTGCCTTCAAAC,F,CTCTCTGTGCACAAAAAACCATCTTCCAC[G/A]GAGAGCTGTTTGAAGGCAGTGTCTTCC
rs4453265,chr11.fa,73785326,73785295,73785359,65,TCTTTCCCTACACGACGCTCTTCCGATCTTACCTTTCAAGCTCAAGTGC,GTGACTGGAGTTCAGACGTGTGCTCTTCCGATCTTTTGGATGGAACGTTTGCAG,F,TACCTTTCAAGCTCAAGTGCATTGCTCTTTC[T/C]ACTAGGATGCTGACTGCAAACGTTCCATCCAAA
rs447247,chr6.fa,145812678,145812651,145812705,55,TCTTTCCCTACACGACGCTCTTCCGATCTAAAAACCCCAGGCTCCATTG,GTGACTGGAGTTCAGACGTGTGCTCTTCCGATCTATGTCCAGCTGCTTCTTTTC,R,ATGTCCAGCTGCTTCTTTTCTTCTCCG[G/T]TCTCTGCCAATGGAGCCTGGGGTTTTT
rs4745577,chr9.fa,71688101,71688067,71688130,64,TCTTTCCCTACACGACGCTCTTCCGATCTGCTACCCTTTAATGTGTCTC,GTGACTGGAGTTCAGACGTGTGCTCTTCCGATCTATGAAGAGCAGCTGGTCAAC,R,ATGAAGAGCAGCTGGTCAACCTGCTCACTGTTCT[A/G]TCTCCAAATGAGACACATTAAAGGGTAGC
rs484312,chr13.fa,30601799,30601766,30601833,68,TCTTTCCCTACACGACGCTCTTCCGATCTTCCAAGTCAGAAGCTATGGG,GTGACTGGAGTTCAGACGTGTGCTCTTCCGATCTAGTCTGCAGACCTAACATGG,F,TCCAAGTCAGAAGCTATGGGGGTTATTTTTCCC[A/G]TACAGTTTCAAGCCCCATGTTAGGTCTGCAGACT
rs499946,chr7.fa,17507318,17507290,17507352,63,TCTTTCCCTACACGACGCTCTTCCGATCTATGGCTTGTACTTCCTCCTC,GTGACTGGAGTTCAGACGTGTGCTCTTCCGATCTTTCGGTGGAATAGCAGCAAG,F,ATGGCTTGTACTTCCTCCTCTATCAACT[C/G]CTGTTGGGACTTCACTTGCTGCTATTCCACCGAA
rs500090,chr11.fa,128574173,128574145,128574204,60,TCTTTCCCTACACGACGCTCTTCCGATCTTTCTCCCATAATCTCAGGGC,GTGACTGGAGTTCAGACGTGTGCTCTTCCGATCTTTCACCTGGCCTTGAGGGTC,F,TTCTCCCATAATCTCAGGGCTACATTTT[G/A]TACTGTGGAGTGACCCTCAAGGCCAGGTGAA
rs500399,chr10.fa,8203685,8203659,8203710,52,TCTTTCCCTACACGACGCTCTTCCGATCTGTTTATTGATGAACTGGTGC,GTGACTGGAGTTCAGACGTGTGCTCTTCCGATCTGGGCAGAGTGATATCACAG,F,GTTTATTGATGAACTGGTGCACAGTG[T/A]GAGAGTCTGTGATATCACTCTGCCC
rs505349,chr11.fa,116225004,116224977,116225032,56,TCTTTCCCTACACGACGCTCTTCCGATCTACTGGCAAGTCCAGGTCTTC,GTGACTGGAGTTCAGACGTGTGCTCTTCCGATCTAAGGCTCAGGGCAGAAGCAC,R,AAGGCTCAGGGCAGAAGCACAGGAACA[A/G]CTGACAGGGAAGACCTGGACTTGCCAGT
rs505662,chr6.fa,137978106,137978081,137978137,57,TCTTTCCCTACACGACGCTCTTCCGATCTTCCTCATCCGGTGTGGCAA,GTGACTGGAGTTCAGACGTGTGCTCTTCCGATCTTCCTGTTAACAGGCCCCATC,F,TCCTCATCCGGTGTGGCAACCTGGG[T/G]ATTCAATCTGAGATGGGGCCTGTTAACAGGA
rs516084,chr1.fa,189555774,189555747,189555802,56,TCTTTCCCTACACGACGCTCTTCCGATCTCTTCTTTGACTAAGGCTGAC,GTGACTGGAGTTCAGACGTGTGCTCTTCCGATCTAGTATGCCATCATGAAAGCC,F,CTTCTTTGACTAAGGCTGACCGATGAG[C/G]TCTCCGCTGGCTTTCATGATGGCATACT
rs517316,chr1.fa,107981144,107981117,107981172,56,TCTTTCCCTACACGACGCTCTTCCGATCTTAGACCTCAAGGCCTAGAGC,GTGACTGGAGTTCAGACGTGTGCTCTTCCGATCTCTCTGCCTATTCTCCTCTTC,F,TAGACCTCAAGGCCTAGAGCAGGCCAA[C/T]AGTCAGGAGAAGAGGAGAATAGGCAGAG
rs517914,chr4.fa,53832692,53832660,53832720,61,TCTTTCCCTACACGACGCTCTTCCGATCTAGTAAGAGCTCCCTTGGTTG,GTGACTGGAGTTCAGACGTGTGCTCTTCCGATCTGCTCATAACAATCTCTCCCC,R,GCTCATAACAATCTCTCCCCAAATCTCAACCA[C/T]CCCTTACTCAACCAAGGGAGCTCTTACT
rs522810,chr13.fa,19754475,19754447,19754503,57,TCTTTCCCTACACGACGCTCTTCCGATCTTCCCCTCTACCCCTTGAAGC,GTGACTGGAGTTCAGACGTGTGCTCTTCCGATCTCAGCACTGATGACATCTGGG,F,TCCCCTCTACCCCTTGAAGCCTAGGAGT[G/C]TAATGGCTCCCAGATGTCATCAGTGCTG
rs531423,chr1.fa,85440837,85440811,85440867,57,TCTTTCCCTACACGACGCTCTTCCGATCTTATGGCTCTGGGGCTCTATA,GTGACTGGAGTTCAGACGTGTGCTCTTCCGATCTAAGAACACAGGCCTGGTTGG,R,AAGAACACAGGCCTGGTTGGCTTTGC[C/T]GCCTGCTAACTATAGAGCCCCAGAGCCATA
rs537330,chr8.fa,12927207,12927180,12927237,58,TCTTTCCCTACACGACGCTCTTCCGATCTTCATTCTAAAAGGGCTGCCG,GTGACTGGAGTTCAGACGTGTGCTCTTCCGATCTAACAGAGAGAATGAGGAGGG,F,TCATTCTAAAAGGGCTGCCGCTGCGTG[C/T]CAAGGATTCTCCCTCCTCATTCTCTCTGTT
rs539344,chr19.fa,13728633,13728605,13728661,57,TCTTTCCCTACACGACGCTCTTCCGATCTGAAAGGTATTCAGGGTGGTG,GTGACTGGAGTTCAGACGTGTGCTCTTCCGATCTGATGCTCTGAGACAATCCTG,R,GATGCTCTGAGACAATCCTGACCACACC[T/C]CTGACTTTCACCACCCTGAATACCTTTC
rs551372,chr11.fa,116222588,116222556,116222615,60,TCTTTCCCTACACGACGCTCTTCCGATCTTTAACTGTGAGGCGTTCACC,GTGACTGGAGTTCAGACGTGTGCTCTTCCGATCTGATCATGGGACTATCCACAC,R,GATCATGGGACTATCCACACATATACGTAGAG[C/T]ACACACAGGTGAACGCCTCACAGTTAA
rs567681,chr11.fa,116216713,116216687,116216740,54,TCTTTCCCTACACGACGCTCTTCCGATCTCCAGCCCTGCTCCTTTAATC,GTGACTGGAGTTCAGACGTGTGCTCTTCCGATCTGGAGAAGATCCTACACTCAG,F,CCAGCCCTGCTCCTTTAATCCCCTGG[A/C]CAACTGGCTGAGTGTAGGATCTTCTCC
rs585487,chr19.fa,367313,367283,367344,62,TCTTTCCCTACACGACGCTCTTCCGATCTCCAACTTCTTCCCAGTCTGT,GTGACTGGAGTTCAGACGTGTGCTCTTCCGATCTCTGGAGCTGAAGGACCCCA,R,CTGGAGCTGAAGGACCCCAGGAGCAACACT[G/A]AAAGACACAAGACAGACTGGGAAGAAGTTGG
rs600933,chr1.fa,4409496,4409468,4409522,55,TCTTTCCCTACACGACGCTCTTCCGATCTGGAGAAATCCTTCCCTAGAG,GTGACTGGAGTTCAGACGTGTGCTCTTCCGATCTTTCAAGGTGCTGCAGGTTTG,R,TTCAAGGTGCTGCAGGTTTGCACTCTCT[T/C]CTATGGCTCTAGGGAAGGATTTCTCC
rs619208,chr11.fa,126942485,126942458,126942512,55,TCTTTCCCTACACGACGCTCTTCCGATCTCCCCCTCTACAGGAAAATTC,GTGACTGGAGTTCAGACGTGTGCTCTTCCGATCTTTCTGAATTCTTCAGCCAGC,R,TTCTGAATTCTTCAGCCAGCAGAACCC[G/A]AAACTCTGAATTTTCCTGTAGAGGGGG
rs622994,chr13.fa,103278850,103278820,103278876,57,TCTTTCCCTACACGACGCTCTTCCGATCTCATCCTACCTCTAGGTACAC,GTGACTGGAGTTCAGACGTGTGCTCTTCCGATCTGGTGTCTTAGTTACATGTGC,R,GGTGTCTTAGTTACATGTGCACACATTTTG[G/T]TATTGTGTGTACCTAGAGGTAGGATG
rs639298,chr1.fa,42001530,42001497,42001556,60,TCTTTCCCTACACGACGCTCTTCCGATCTATACTGTGCTGCTCTTCAGG,GTGACTGGAGTTCAGACGTGTGCTCTTCCGATCTTGGTGACGCAAGGACTGGAC,R,TGGTGACGCAAGGACTGGACCCCAGATCTGACT[T/C]GTGTGCCCTGAAGAGCAGCACAGTAT
rs642449,chr1.fa,114688612,114688586,114688641,56,TCTTTCCCTACACGACGCTCTTCCGATCTCAGCTGCTGTTCCCTCAGA,GTGACTGGAGTTCAGACGTGTGCTCTTCCGATCTCCAAAAAACCATGCCCTCTG,F,CAGCTGCTGTTCCCTCAGAGCTGTGA[T/A]TAGGGGAGGCAGAGGGCATGGTTTTTTGG
rs6700732,chr1.fa,105748581,105748547,105748611,65,TCTTTCCCTACACGACGCTCTTCCGATCTCAGCCCTTGTGTGCATAAAG,GTGACTGGAGTTCAGACGTGTGCTCTTCCGATCTTACAGTGGTGGACAAGGTGG,F,CAGCCCTTGTGTGCATAAAGGGTCTTGAAGAAGC[G/A]GAAGACTTTTCCACCTTGTCCACCACTGTA
rs677866,chr13.fa,26826532,26826500,26826565,66,TCTTTCCCTACACGACGCTCTTCCGATCTTAATTGGTACAGGAGGTGGG,GTGACTGGAGTTCAGACGTGTGCTCTTCCGATCTAGGCATGGGACTCAGCTTG,F,TAATTGGTACAGGAGGTGGGGAAGGGGGACCC[G/A]ATACAGTGTAGGGGCAAGCTGAGTCCCATGCCT
rs683922,chr15.fa,35008676,35008646,35008703,58,TCTTTCCCTACACGACGCTCTTCCGATCTGTGCAGGTCATTGTGCTGAG,GTGACTGGAGTTCAGACGTGTGCTCTTCCGATCTAAACACTCCACGTTAAAGGG,F,GTGCAGGTCATTGTGCTGAGTGTACTTGCG[T/C]GCATTTTCCCTTTAACGTGGAGTGTTT
rs686851,chr6.fa,137979971,137979939,137980000,62,TCTTTCCCTACACGACGCTCTTCCGATCTCAGCTGAGAAAACTGAGACC,GTGACTGGAGTTCAGACGTGTGCTCTTCCGATCTTTTACAGACTAGCGTGACGG,R,TTTACAGACTAGCGTGACGGACCCAATCTAAT[C/T]TGTTGTCTAGGTCTCAGTTTTCTCAGCTG
rs6941942,chr6.fa,110907523,110907495,110907555,61,TCTTTCCCTACACGACGCTCTTCCGATCTCTTGTTTTGCAGGCTGATTG,GTGACTGGAGTTCAGACGTGTGCTCTTCCGATCTTCAATCATCCCCATCCCCAC,F,CTTGTTTTGCAGGCTGATTGATCTTCCC[A/G]TGATTGACTTTGGTGGGGATGGGGATGATTGA
rs7045684,chr9.fa,75054406,75054373,75054433,61,TCTTTCCCTACACGACGCTCTTCCGATCTGCACATCACAAGTTAAGAGG,GTGACTGGAGTTCAGACGTGTGCTCTTCCGATCTCCCCAGTAGGGAACACACTT,F,GCACATCACAAGTTAAGAGGAGCAACTCTTGCC[C/G]CAGGTACAAGTGTGTTCCCTACTGGGG
rs7176924,chr15.fa,26216249,26216221,26216278,58,TCTTTCCCTACACGACGCTCTTCCGATCTGGCTTCTCCCAGAAAATCTC,GTGACTGGAGTTCAGACGTGTGCTCTTCCGATCTCAGGATGCACTTTTTGGATG,R,CAGGATGCACTTTTTGGATGAAGGCCAG[T/G]AACATAGAAGAGATTTTCTGGGAGAAGCC
rs7525374,chr1.fa,4754057,4754029,4754088,60,TCTTTCCCTACACGACGCTCTTCCGATCTACTGCAGTGCCGGGAAAAGT,GTGACTGGAGTTCAGACGTGTGCTCTTCCGATCTTTTGCTCACCCTACCCCAC,F,ACTGCAGTGCCGGGAAAAGTGAGGCCTC[A/G]TTCACAAGGCAGGTGGGGTAGGGTGAGCAAA
rs870429,chr3.fa,122878019,122877986,122878045,60,TCTTTCCCTACACGACGCTCTTCCGATCTTGCTGCTCCGCCATGAAAGT,GTGACTGGAGTTCAGACGTGTGCTCTTCCGATCTATGCAGGGAGAGCAGCAGCC,R,ATGCAGGGAGAGCAGCAGCCCAGAGCCATGTTC[A/G]TCCAGCACTTTCATGGCGGAGCAGCA
rs949312,chr18.fa,22126259,22126233,22126314,82,TCTTTCCCTACACGACGCTCTTCCGATCTGCTGAGAGTTAAGTGGCCAA,GTGACTGGAGTTCAGACGTGTGCTCTTCCGATCTCTGTGGCCATATTTCTGCTG,F,GCTGAGAGTTAAGTGGCCAAGATAAC[C/A]CCAAAAGACAATCCTAATAGATGTGGTGGACACAACAGCAGAAATATGGCCACAG
rs9563831,chr13.fa,61268083,61268054,61268110,57,TCTTTCCCTACACGACGCTCTTCCGATCTTGATAACAGCCTCCATTTCC,GTGACTGGAGTTCAGACGTGTGCTCTTCCGATCTTAGGGATGCAAGATGAAAGG,R,TAGGGATGCAAGATGAAAGGAGCTAAACA[T/C]AACTATAGGAAATGGAGGCTGTTATCA
rs970022,chr4.fa,145293039,145293006,145293066,61,TCTTTCCCTACACGACGCTCTTCCGATCTTTGTCTGGACTCTCTTCATC,GTGACTGGAGTTCAGACGTGTGCTCTTCCGATCTGCAATCAGGCCCAGCTTATG,R,GCAATCAGGCCCAGCTTATGAACTGCCTACTGA[T/C]TTAGGAAGATGAAGAGAGTCCAGACAA
rs985462,chr10.fa,127769598,127769570,127769632,63,TCTTTCCCTACACGACGCTCTTCCGATCTCGCCTAATTTCCAGCAAGAA,GTGACTGGAGTTCAGACGTGTGCTCTTCCGATCTGACTTGCAAAAGCTCTCTGG,R,GACTTGCAAAAGCTCTCTGGGTATGATT[C/T]GGAGACAACTGCTTTTCTTGCTGGAAATTAGGCG
